package_lock_path,name,version,declared_license_metadata,package_json_sha256,license_files,js_chunks
node_modules/@ungap/structured-clone,@ungap/structured-clone,1.4.0,"""ISC""",8f931c21e4c0b37c35d5ffef35e0bc057f3cbd0224b026b21a5bdb82a98cbd8f,LICENSE:dc6d4961d8b6ee747231582ae9c53ce1d66bf76bc9f5a28f554c0e97210953bf,molstar-B5bhfOeG.js
node_modules/bail,bail,2.0.2,"""MIT""",337981479ea353a473e2b8126adf545c299e368cf7fa31f21d92fd9b40cb029f,license:63cb98b3f6abfb3c3592c16f88253c1bdc834087bf52671e8ce5609e4eb693cf,molstar-B5bhfOeG.js
node_modules/ccount,ccount,2.0.1,"""MIT""",007abbcac7038e503a221330fac2515793aa0dfba231b2d54734d2af76b32ed9,license:63cb98b3f6abfb3c3592c16f88253c1bdc834087bf52671e8ce5609e4eb693cf,molstar-B5bhfOeG.js
node_modules/comma-separated-tokens,comma-separated-tokens,2.0.3,"""MIT""",c474231549263b0173a3d66f4fc1c4bac2c7517390b2a8e3f09ea1a1f401726b,license:ca4662cb5d1b738fbe5350c0d5485ba11773b4b7208974082ae6e129a52d631d,molstar-B5bhfOeG.js
node_modules/decode-named-character-reference,decode-named-character-reference,1.3.0,"""MIT""",b034b006d03650d0995148196898eac08012de40712cb984e968c7b99d96b55e,license:dd1081884a92952802f4803110a6bb543acea9a814c786d58605b4c1219b5ebb,molstar-B5bhfOeG.js
node_modules/devlop,devlop,1.1.0,"""MIT""",fbb56102cf3bd0e07a8075bfda80825b3ccd78a37642c92cef54a55fbed709dd,license:6f296a5eccc1dc96714bb94ebaa9cac25b0a1467d74cc5263ac4d0646ab01f62,molstar-B5bhfOeG.js
node_modules/escape-string-regexp,escape-string-regexp,5.0.0,"""MIT""",6d7ae0240943e38cb8a8dd35242584b2c3415a2bca83aa86497d3b7b1bef08ef,license:5c932d88256b4ab958f64a856fa48e8bd1f55bc1d96b8149c65689e0c61789d3,molstar-B5bhfOeG.js
node_modules/estree-util-is-identifier-name,estree-util-is-identifier-name,3.0.0,"""MIT""",d0f734156695c70baee2e43c094adde322839ddc23a517ea0039b3ff6a6567f9,license:536804b3adbff17dbbb9ed0d2bf9655b78f07640278581e37e3d7475282d5e61,molstar-B5bhfOeG.js
node_modules/extend,extend,3.0.2,"""MIT""",8d891b3f00bead114c4741d8a594e7aaa59114f53782ec9a9319a619709dc14f,LICENSE:97af7428f93afbab9bf79cd09254da1357161794f4255eb1b4599f04dd2d2e7c,molstar-B5bhfOeG.js
node_modules/fp-ts,fp-ts,2.16.11,"""MIT""",a106b1739bbd723e904f5d9dfb671a90f6cfe6ebc66c03e448778a926ac92513,LICENSE:8a505a21f380e0eace06a8071900fce03dc93da017b01cb42853ffb97fc67be3,molstar-B5bhfOeG.js
node_modules/hast-util-to-jsx-runtime,hast-util-to-jsx-runtime,2.3.6,"""MIT""",30dc325d26a45aed9ca3c9c686249cc40f9e234019d220dd954dad488d9fab49,license:dd1081884a92952802f4803110a6bb543acea9a814c786d58605b4c1219b5ebb,molstar-B5bhfOeG.js
node_modules/hast-util-whitespace,hast-util-whitespace,3.0.0,"""MIT""",50a1eeeab4c354912b9f61e5b7aad22762dcbd96f740e58146f303bc4826f0b4,license:ca4662cb5d1b738fbe5350c0d5485ba11773b4b7208974082ae6e129a52d631d,molstar-B5bhfOeG.js
node_modules/html-url-attributes,html-url-attributes,3.0.1,"""MIT""",0bd29e79398437b88c9647434c40c48168d87b22f7448f5f083f4f2d8ab063d8,license:e18cf5173e928f808f0cd208097fee8fbec9d28fc0255213938e4c559e29ff58,molstar-B5bhfOeG.js
node_modules/immutable,immutable,5.1.9,"""MIT""",662ad133db0b86e4a4f780f01dcd04d850e6ca54780f96b37b518316fc682abf,LICENSE:784fd7232e106901065a329b285ff9ba9ad98ff08ac1932b45b53a0b954974c5,molstar-B5bhfOeG.js
node_modules/inline-style-parser,inline-style-parser,0.2.7,"""MIT""",905dabd170bc0374e32e35b8c5d02068b5ffb797120dd7de0f6bc172a7ae8abd,LICENSE:395c95f20598da653ff1eb1cb9d74947c7fac689697147f1d192fd0242a0e635,molstar-B5bhfOeG.js
node_modules/io-ts,io-ts,2.2.22,"""MIT""",d62626295b2fccb0b8f1349a1e2ddeea5679e0ea41e337be4fb8590606832933,LICENSE:52f370a37c4d388559a2e7743e16300ec6cf570f1a3f47ce39b05a0c11041352,molstar-B5bhfOeG.js
node_modules/is-plain-obj,is-plain-obj,4.1.0,"""MIT""",ac84142050cd4d1854c489a3d61e0c991550195ae5ae37d9347b736424b09c59,license:5c932d88256b4ab958f64a856fa48e8bd1f55bc1d96b8149c65689e0c61789d3,molstar-B5bhfOeG.js
node_modules/longest-streak,longest-streak,3.1.0,"""MIT""",fe48cd537de554b59fcb057d28c4b10cfef569817040ae61beb8a9b323bf82df,license:9f084fac69d8cf1e6ce983ba5a3499c7695ed74a26ec625c38f0fd19fddd5e10,molstar-B5bhfOeG.js
node_modules/markdown-table,markdown-table,3.0.4,"""MIT""",545694864e591196ed1cfc43b5b973b1662722cd081d3d113b25f298ac6d02f9,license:dd1081884a92952802f4803110a6bb543acea9a814c786d58605b4c1219b5ebb,molstar-B5bhfOeG.js
node_modules/mdast-util-find-and-replace,mdast-util-find-and-replace,3.0.2,"""MIT""",7257228953a3a5577a5dbabe7946af43975751ff0b9fd77309e5fecd63972288,license:dd1081884a92952802f4803110a6bb543acea9a814c786d58605b4c1219b5ebb,molstar-B5bhfOeG.js
node_modules/mdast-util-from-markdown,mdast-util-from-markdown,2.0.3,"""MIT""",4f7c4700c78d6781af46eb12b2f908b0503d8beefa8b2cea0fbfe9de8444e438,license:dd1081884a92952802f4803110a6bb543acea9a814c786d58605b4c1219b5ebb,molstar-B5bhfOeG.js
node_modules/mdast-util-gfm,mdast-util-gfm,3.1.0,"""MIT""",5d3d27f68e6aac77039850c2587d49b2d8047f1fb46914d1f67eaec0a52c8fe1,license:dd1081884a92952802f4803110a6bb543acea9a814c786d58605b4c1219b5ebb,molstar-B5bhfOeG.js
node_modules/mdast-util-gfm-autolink-literal,mdast-util-gfm-autolink-literal,2.0.1,"""MIT""",aaf24f25ff1d5dee2b19c2da3704f98fbc67ac2bdf9424858aeb19430649c50b,license:536804b3adbff17dbbb9ed0d2bf9655b78f07640278581e37e3d7475282d5e61,molstar-B5bhfOeG.js
node_modules/mdast-util-gfm-footnote,mdast-util-gfm-footnote,2.1.0,"""MIT""",b91f4521e33413134bda4b3a481b165c764efd453cb7fb379f5b71b09309e11a,license:dd1081884a92952802f4803110a6bb543acea9a814c786d58605b4c1219b5ebb,molstar-B5bhfOeG.js
node_modules/mdast-util-gfm-strikethrough,mdast-util-gfm-strikethrough,2.0.0,"""MIT""",58a2747007773f1d8b95bbb233589e6be6bdbdfe23612522d58ffeec1c7c98b2,license:536804b3adbff17dbbb9ed0d2bf9655b78f07640278581e37e3d7475282d5e61,molstar-B5bhfOeG.js
node_modules/mdast-util-gfm-table,mdast-util-gfm-table,2.0.0,"""MIT""",8ab7c1402602e721347f377b537374d4f2dfdef7794f4c7b0711ad1f39e2239f,license:536804b3adbff17dbbb9ed0d2bf9655b78f07640278581e37e3d7475282d5e61,molstar-B5bhfOeG.js
node_modules/mdast-util-gfm-task-list-item,mdast-util-gfm-task-list-item,2.0.0,"""MIT""",156ef1ae561ef1558f5e3210c41f238a4707d9f451eecda92d832ef821d5e7f1,license:536804b3adbff17dbbb9ed0d2bf9655b78f07640278581e37e3d7475282d5e61,molstar-B5bhfOeG.js
node_modules/mdast-util-phrasing,mdast-util-phrasing,4.1.0,"""MIT""",c020a54303d9d422c9def6ba5416db74c0f30b2783f2a84b7248b0d61c2ac113,license:b6d1a4e1831b177acc96f22a817d4f0f4c18419355badc3125754445fc69e3a7,molstar-B5bhfOeG.js
node_modules/mdast-util-to-hast,mdast-util-to-hast,13.2.1,"""MIT""",aa1e17fedf46914534ba0c67016734edc6d0fc919057556eb1034160f795b596,license:ca4662cb5d1b738fbe5350c0d5485ba11773b4b7208974082ae6e129a52d631d,molstar-B5bhfOeG.js
node_modules/mdast-util-to-markdown,mdast-util-to-markdown,2.1.2,"""MIT""",79a01b2e7f0c1bdf3f3b1a2a9ba40d8d9d3378eba98b2909bddda41a90d870d1,license:dd1081884a92952802f4803110a6bb543acea9a814c786d58605b4c1219b5ebb,molstar-B5bhfOeG.js
node_modules/mdast-util-to-string,mdast-util-to-string,4.0.0,"""MIT""",0acb725dee2ee1c9d374b240c7a972da04cc94d13663b58fa52be009c3271a13,license:63cb98b3f6abfb3c3592c16f88253c1bdc834087bf52671e8ce5609e4eb693cf,molstar-B5bhfOeG.js
node_modules/micromark,micromark,4.0.2,"""MIT""",e2423e9665ea6d21d78cb520e812249cdbce2428bd6a6e9b38438a2569b05f2d,license:dd1081884a92952802f4803110a6bb543acea9a814c786d58605b4c1219b5ebb,molstar-B5bhfOeG.js
node_modules/micromark-core-commonmark,micromark-core-commonmark,2.0.3,"""MIT""",f6b039e198e40c6ede380cc41da4c840555c18fd5f2be43a559fb5c4221c034d,license:dd1081884a92952802f4803110a6bb543acea9a814c786d58605b4c1219b5ebb,molstar-B5bhfOeG.js
node_modules/micromark-extension-gfm,micromark-extension-gfm,3.0.0,"""MIT""",f0c6ffb3bbbf52b1e5d939566b8d68097cbdd061598f09fde72af8a38c948bee,license:536804b3adbff17dbbb9ed0d2bf9655b78f07640278581e37e3d7475282d5e61,molstar-B5bhfOeG.js
node_modules/micromark-extension-gfm-autolink-literal,micromark-extension-gfm-autolink-literal,2.1.0,"""MIT""",778b72859fb329cbca8ea93653b8b11da652f93147e2752773eef42b9091eaca,license:536804b3adbff17dbbb9ed0d2bf9655b78f07640278581e37e3d7475282d5e61,molstar-B5bhfOeG.js
node_modules/micromark-extension-gfm-footnote,micromark-extension-gfm-footnote,2.1.0,"""MIT""",6d01f1d739fa38fbe2784fcb9143554b2f19e4c1193f7d62efae46fb7d3b36d6,license:807a88522a850092aece49486207c17c313c4d5708ac276524840fe1caa0b0fa,molstar-B5bhfOeG.js
node_modules/micromark-extension-gfm-strikethrough,micromark-extension-gfm-strikethrough,2.1.0,"""MIT""",5a115643dd899a6c828ab236bbeab6aaf2108276f5cbc989662d6204f5ab677a,license:536804b3adbff17dbbb9ed0d2bf9655b78f07640278581e37e3d7475282d5e61,molstar-B5bhfOeG.js
node_modules/micromark-extension-gfm-table,micromark-extension-gfm-table,2.1.2,"""MIT""",02cb174d3d305526d0594c5bb9488f37afdd5cae00c286b2f7e8607c165b386a,license:dd1081884a92952802f4803110a6bb543acea9a814c786d58605b4c1219b5ebb,molstar-B5bhfOeG.js
node_modules/micromark-extension-gfm-task-list-item,micromark-extension-gfm-task-list-item,2.1.0,"""MIT""",2497c18c449db1459392e6e70bca781256cab6a69b3a35fc55acbd0360ceb85c,license:536804b3adbff17dbbb9ed0d2bf9655b78f07640278581e37e3d7475282d5e61,molstar-B5bhfOeG.js
node_modules/micromark-factory-destination,micromark-factory-destination,2.0.1,"""MIT""",71e61f23d5e171525c8934e9a8ac51e649107e4658082938d19dab172533b483,license:dd1081884a92952802f4803110a6bb543acea9a814c786d58605b4c1219b5ebb,molstar-B5bhfOeG.js
node_modules/micromark-factory-label,micromark-factory-label,2.0.1,"""MIT""",2c1c73d0087a1195a34bff62b47d5119a49f210636b3759c6d459886b559ee5e,license:dd1081884a92952802f4803110a6bb543acea9a814c786d58605b4c1219b5ebb,molstar-B5bhfOeG.js
node_modules/micromark-factory-space,micromark-factory-space,2.0.1,"""MIT""",26349d7f4aa3c2a4eb91fca569e2b5f70cfc8df1517d360542f8b99ab61a6961,license:dd1081884a92952802f4803110a6bb543acea9a814c786d58605b4c1219b5ebb,molstar-B5bhfOeG.js
node_modules/micromark-factory-title,micromark-factory-title,2.0.1,"""MIT""",5b7d184aeb5ff4fa8b63a338800e80400a631ee594ff0d698a5a4668eddc9a16,license:dd1081884a92952802f4803110a6bb543acea9a814c786d58605b4c1219b5ebb,molstar-B5bhfOeG.js
node_modules/micromark-factory-whitespace,micromark-factory-whitespace,2.0.1,"""MIT""",ea0cbec4d722111585387048046a248ce272e3c587e228cc3cf98fe4919e48c6,license:dd1081884a92952802f4803110a6bb543acea9a814c786d58605b4c1219b5ebb,molstar-B5bhfOeG.js
node_modules/micromark-util-character,micromark-util-character,2.1.1,"""MIT""",bf43c5df782cf1cf985d89a8f01fd1a7b7b4bae9bf2b9c07e633c2379b1dbd7f,license:dd1081884a92952802f4803110a6bb543acea9a814c786d58605b4c1219b5ebb,molstar-B5bhfOeG.js
node_modules/micromark-util-chunked,micromark-util-chunked,2.0.1,"""MIT""",20e4e68a94fb62188c9139721be97740ec32f77464b23c40677a89aee72584f6,license:dd1081884a92952802f4803110a6bb543acea9a814c786d58605b4c1219b5ebb,molstar-B5bhfOeG.js
node_modules/micromark-util-classify-character,micromark-util-classify-character,2.0.1,"""MIT""",f84c7e2b5f54a05fa725645d31810ad8531c278901d661c714d114ad978e634d,license:dd1081884a92952802f4803110a6bb543acea9a814c786d58605b4c1219b5ebb,molstar-B5bhfOeG.js
node_modules/micromark-util-combine-extensions,micromark-util-combine-extensions,2.0.1,"""MIT""",43686ee41cc83e2460aaa49821d7f36b0b7fd525e88b253e10b1556520196554,license:dd1081884a92952802f4803110a6bb543acea9a814c786d58605b4c1219b5ebb,molstar-B5bhfOeG.js
node_modules/micromark-util-decode-numeric-character-reference,micromark-util-decode-numeric-character-reference,2.0.2,"""MIT""",b4eda7dc69734392cf0c79313423b21dacfe03ae43002e5fc18151613f37f532,license:dd1081884a92952802f4803110a6bb543acea9a814c786d58605b4c1219b5ebb,molstar-B5bhfOeG.js
node_modules/micromark-util-decode-string,micromark-util-decode-string,2.0.1,"""MIT""",3fde5acb664658ceef73bd64e17041e9762819a06ccee998d058d04e8ec34a2e,license:dd1081884a92952802f4803110a6bb543acea9a814c786d58605b4c1219b5ebb,molstar-B5bhfOeG.js
node_modules/micromark-util-html-tag-name,micromark-util-html-tag-name,2.0.1,"""MIT""",d541066042522d8c5247964225d3a9f08f7b902b75682ab57ceecfeee45ed90c,license:dd1081884a92952802f4803110a6bb543acea9a814c786d58605b4c1219b5ebb,molstar-B5bhfOeG.js
node_modules/micromark-util-normalize-identifier,micromark-util-normalize-identifier,2.0.1,"""MIT""",b22a2066064ff412b8f9ded011a14d3fac87c37c696da2d8e8a57a0c9c88dea0,license:dd1081884a92952802f4803110a6bb543acea9a814c786d58605b4c1219b5ebb,molstar-B5bhfOeG.js
node_modules/micromark-util-resolve-all,micromark-util-resolve-all,2.0.1,"""MIT""",f786149ff20e6ab653b42ddf8109d4f14e839b80800513698f7de790b3819628,license:dd1081884a92952802f4803110a6bb543acea9a814c786d58605b4c1219b5ebb,molstar-B5bhfOeG.js
node_modules/micromark-util-sanitize-uri,micromark-util-sanitize-uri,2.0.1,"""MIT""",a694d9800a68d5d52916675f9231c16bf7e764658a9045d86b74c29736b59dd6,license:dd1081884a92952802f4803110a6bb543acea9a814c786d58605b4c1219b5ebb,molstar-B5bhfOeG.js
node_modules/micromark-util-subtokenize,micromark-util-subtokenize,2.1.0,"""MIT""",8dd7a96c44ac602941d16b0078cef059821871b047a6f6309ffd61bb470cd420,license:dd1081884a92952802f4803110a6bb543acea9a814c786d58605b4c1219b5ebb,molstar-B5bhfOeG.js
node_modules/molstar,molstar,5.11.0,"""MIT""",91a144e21c189ad9cfb93ab8877228763cd89c7b6f9491b345c7354982a5c9d4,LICENSE:eabd1831ed605a29cf9d7e60221c019c1bc026add81e3c0686ce5f24b3d4d500,molstar-B5bhfOeG.js
node_modules/mutative,mutative,1.3.0,"""MIT""",0f2ae533d4d0795e50ebdeec68655e290f3ad9b0b40863deccc3e65c44e17baa,LICENSE:8f0bab26b1edc2caedf89b889ef80305d660d876d240fba8ffb26b7acdfeab18,molstar-B5bhfOeG.js
node_modules/openapi-fetch,openapi-fetch,0.17.0,"""MIT""",e99c487d1b91ae7cd6baf8dc745564fa5c256c549965ff00f46bddc1ff3ad608,LICENSE:bbcaaa447169c969087d38c3edc9ce44a6bd4f67152a8eed5aa9d43969e23edc,index-aLjY024f.js
node_modules/property-information,property-information,7.2.0,"""MIT""",6cacc66c65e31d11d9d4e5677c1375667faf334e585b69a9d319a0ca25676530,license:5d0698266086f217bb11ea0499d33453e401fe479fb9126ad04e625e63d3557b,molstar-B5bhfOeG.js
node_modules/react,react,19.1.1,"""MIT""",7e862b437058f8dde0fe1b538266b934d725f76fe5b981305d6e942714d49608,LICENSE:da6d3703ed11cbe42bd212c725957c98da23cbff1998c05fa4b3d976d1a58e93,index-aLjY024f.js
node_modules/react-dom,react-dom,19.1.1,"""MIT""",1a1856a02032d721c6adea1df2174505739f29bb7a093814688c4bdb1e0390e0,LICENSE:da6d3703ed11cbe42bd212c725957c98da23cbff1998c05fa4b3d976d1a58e93,index-aLjY024f.js
node_modules/react-markdown,react-markdown,10.1.0,"""MIT""",c6b7d280b5e5a6b620ad252abfd318560f2223562e67414fcc3dcd1f784e89c5,license:f6196c64e144f9a6fa9154c3a80bc8b89615a9567934b83a8951879f06ba2aef,molstar-B5bhfOeG.js
node_modules/remark-gfm,remark-gfm,4.0.1,"""MIT""",c199482a69355b610bd1ff225b097776d4a990445b11e5f4c618930dacc8c79d,license:dd1081884a92952802f4803110a6bb543acea9a814c786d58605b4c1219b5ebb,molstar-B5bhfOeG.js
node_modules/remark-parse,remark-parse,11.0.0,"""MIT""",47be70916ff853a6c35d8d858844c7b104d100f70999d579884859cf8d88a50c,license:413654b0a78b98661dce96d2aff2e4d075603d220b8483e28b1aa010ccc138b4,molstar-B5bhfOeG.js
node_modules/remark-rehype,remark-rehype,11.1.2,"""MIT""",f9886f99f9f38652d56ca256aa713e359e085ed42f7d89fd66671b49f4b83b64,license:dd1081884a92952802f4803110a6bb543acea9a814c786d58605b4c1219b5ebb,molstar-B5bhfOeG.js
node_modules/rxjs,rxjs,7.8.2,"""Apache-2.0""",2399f5d968d1d693ecd206e7972fd26cb7e3daa45931ecc12202b3a924be38b7,LICENSE.txt:81c407ac717813b0e3795402960e04003c7bba8ba59b621624707028531c9ade,molstar-B5bhfOeG.js
node_modules/scheduler,scheduler,0.26.0,"""MIT""",c0d1b0e56374984658d63a933781c7d7a12a6fc7de8ec7b1e6e2e4d4203d6f5b,LICENSE:da6d3703ed11cbe42bd212c725957c98da23cbff1998c05fa4b3d976d1a58e93,index-aLjY024f.js
node_modules/space-separated-tokens,space-separated-tokens,2.0.2,"""MIT""",ca188b0d34a0cfcfa025597058c3302401155788219f78682243a34f8e5092f1,license:ca4662cb5d1b738fbe5350c0d5485ba11773b4b7208974082ae6e129a52d631d,molstar-B5bhfOeG.js
node_modules/style-to-js,style-to-js,1.1.21,"""MIT""",ef8bc5b200a5a0e06ffea8b5ebb4bb596a3dbc9821a7144a5f3244d5f4b2231b,LICENSE:bbb380e5c1a717079378d6ea4d33c8a5a81655d4612b749f882e34e46712aab5,molstar-B5bhfOeG.js
node_modules/style-to-object,style-to-object,1.0.14,"""MIT""",54ea1a1438b9cb9a02e9f62339d1f4d17c6d896224fe431495605f7e5a4972f3,LICENSE:896c9fd6b5fc48ac31800b9d29a6e3ffcb0c2d534ed077ebfa5c2fa388cc38b7,molstar-B5bhfOeG.js
node_modules/trim-lines,trim-lines,3.0.1,"""MIT""",c279da1994b06098ed6f7fde2755c78c017e91e245c35bb4770232f116597c21,license:9f084fac69d8cf1e6ce983ba5a3499c7695ed74a26ec625c38f0fd19fddd5e10,molstar-B5bhfOeG.js
node_modules/trough,trough,2.2.0,"""MIT""",ced4e1e0914cb51aac812dee30936fa47b15286927180dd97c0e257f05f07e1e,license:6c03fd41cfd7c92d8aa8a2fa521b94b2683f059123281dcf921ddea9216b6254,molstar-B5bhfOeG.js
node_modules/tslib,tslib,2.8.1,"""0BSD""",f02b4851df316f29bdfcd404aa1eb41e4e216b5859015f81fcd3e91caf8be931,LICENSE.txt:210b19e543130388c68654b7497e967119ce17145f66ab7d85688fbd70f08751,molstar-B5bhfOeG.js
node_modules/unified,unified,11.0.5,"""MIT""",f91a44220f8b7c4a4de6ebaab6fc23b92d29a95cb7e5e6a7f0f24d199779fbad,license:05811400116ed61f1a7693b78fe8ca6598c155a12f3978e609db4df648a4cb3d,molstar-B5bhfOeG.js
node_modules/unist-util-is,unist-util-is,6.0.1,"""MIT""",0838fa706c4cbda37f47ac4c915fab0b6be3c99aeeb81060d22ec6532fae6272,license:82974dbf2639d13edab95c32ed9cb6c0867ede272cd2e07ce47ce8548fe55c05,molstar-B5bhfOeG.js
node_modules/unist-util-position,unist-util-position,5.0.0,"""MIT""",dc3ad29ef3bd19907cbeeda81cf6ea872f15cfff319b4663c7206d16a2a1cf40,license:63cb98b3f6abfb3c3592c16f88253c1bdc834087bf52671e8ce5609e4eb693cf,molstar-B5bhfOeG.js
node_modules/unist-util-stringify-position,unist-util-stringify-position,4.0.0,"""MIT""",2fb7e8fcbf4e701e62f07887bd9f16e699e29c87a19acd128c11788fb9e27c0e,license:ca4662cb5d1b738fbe5350c0d5485ba11773b4b7208974082ae6e129a52d631d,molstar-B5bhfOeG.js
node_modules/unist-util-visit,unist-util-visit,5.1.0,"""MIT""",98bf89a2331cae3cb26b4ad27a1cc78cb0f00edb9a7534491b111a34423e9a8a,license:63cb98b3f6abfb3c3592c16f88253c1bdc834087bf52671e8ce5609e4eb693cf,molstar-B5bhfOeG.js
node_modules/unist-util-visit-parents,unist-util-visit-parents,6.0.2,"""MIT""",6b00f27056337866d9206719b72a62c299a11903cdf622f307c92059723845e1,license:ca4662cb5d1b738fbe5350c0d5485ba11773b4b7208974082ae6e129a52d631d,molstar-B5bhfOeG.js
node_modules/vfile,vfile,6.0.3,"""MIT""",359ca117da48c3c42c73b9032369a412c5ad3462549d85aba090461e35227745,license:05811400116ed61f1a7693b78fe8ca6598c155a12f3978e609db4df648a4cb3d,molstar-B5bhfOeG.js
node_modules/vfile-message,vfile-message,4.0.3,"""MIT""",407fa964ad59ce6c07cd50f0e6c77366744b952910a5bbb64def63a55bf6a82d,license:dd1081884a92952802f4803110a6bb543acea9a814c786d58605b4c1219b5ebb,molstar-B5bhfOeG.js
